algorithm,gini_coefficient,normalized_entropy,tail_visibility_share,tail_visibility_count,tail_threshold_degree,degree_spearman,top_k_mass_share
hits_authority,0.9964257875343369,0.5596273241837372,0.0,0,3.0,0.16647074427569883,0.08793268947203009
pagerank,0.3136152170518235,0.9844027014684652,0.0,0,3.0,0.9081958883737212,0.0013307049582643288
personalized_pagerank,0.29108400206121715,0.9854047739151951,0.0,0,3.0,0.6356745581892129,0.0017433342796179417
degree_normalized_pagerank,0.2040837492061607,0.9945528319825999,0.0,0,3.0,0.5993309463814237,0.0003440064763071422
