gamma,xmin,ks_distance,tail_size
4.154296289245407,84.0,0.030918963632899477,152
