,hits_authority,pagerank,personalized_pagerank,degree_normalized_pagerank
hits_authority,1.0,0.037009043503639275,-0.030516935016984666,-0.026071705989769215
pagerank,0.037009043503639275,1.0,0.8700230126178005,0.7758771729326253
personalized_pagerank,-0.030516935016984662,0.8700230126178005,1.0,0.7987624903134557
degree_normalized_pagerank,-0.02607170598976922,0.7758771729326251,0.7987624903134557,1.0
