algorithm,iterations,runtime_seconds
hits_hub,100,7.792714200011687
hits_authority,100,7.792714200011687
pagerank,94,4.870927299984032
personalized_pagerank,97,5.003592499997467
degree_normalized_pagerank,100,5.544024600007106
