,hits_authority,pagerank,personalized_pagerank,degree_normalized_pagerank
hits_authority,1.0,0.037009043503639275,-0.030516935016984666,-0.1267997858350306
pagerank,0.037009043503639275,1.0,0.8700230126178005,0.2342099664644882
personalized_pagerank,-0.030516935016984662,0.8700230126178005,1.0,0.3404772211356387
degree_normalized_pagerank,-0.12679978583503063,0.23420996646448822,0.3404772211356388,1.0
